"Qty";"Value";"Device";"Package";"Parts";"Description";"AVAILABILITY";"COST";"DESCRIPTION";"MF";"MFG";"MP";"MPN";"OC_FARNELL";"OC_NEWARK";"PACKAGE";"PRICE";"PROD_ID";"SF_SKU";"TP_SIGNAL_NAME";"VENDOR";
"2";"0.1u";"C2,5-3";"C2.5-3";"C4, C5";"CAPACITOR";"";"0.1";"";"";"KEMET";"";"C0805C104Z3VACTU";"";"";"";"";"";"";"";"Mouser";
"3";"1.5V";"BATTERY-AA";"BATTERY-AA";"AA1, AA2, AA3";"Battery - Single Cell";"";"0.4";"";"";"Energizer";"";"E91DP2";"";"";"";"";"BATT-08316";"PRT-07949";"";"Amazon";
"2";"10k";"R-US_M2012";"M2012";"R1, R2";"RESISTOR, American symbol";"";"0.1";"";"";"Bourns";"";"CR1206-JW-114ELF";"";"";"";"";"";"";"";"Mouser";
"1";"10u";"C2,5-3";"C2.5-3";"TANT";"CAPACITOR";"";".47";"";"";"KEMET";"";"A758BG106M1EAAE070";"";"";"";"";"";"";"";"Mouser";
"1";"10u";"C2,5-3";"C2.5-3";"C2";"CAPACITOR";"";"0.23";"";"";"Panasonic Electronic Components";"";"ECA-1HM100";"";"";"";"";"";"";"";"Digikey";
"1";"1N5822";"SCHOTTKY-DIODEAG";"AG";"D1";"Schottky Diode";"";"0.43";"";"";"ON semiconductor";"";"1N5822G";"";"";"";"";"";"";"";"Digikey";
"2";"1u";"C2,5-3";"C2.5-3";"C3, C7";"CAPACITOR";"";"0.23";"";"";"Panasonic Electronic Components";"";"ECA-2CHG010";"";"";"";"";"";"";"";"Digikey";
"1";"4.7u";"C2,5-3";"C2.5-3";"C1";"CAPACITOR";"";"0.23";"";"";"Panasonic Electronic Components";"";"ECE-A1VKS4R7I";"";"";"";"";"";"";"";"Digikey";
"2";"4.7u";"INDUCTOR";"L0603";"L1, L3";"Inductors";"";"0.11";"";"";"Bourns";"";"CV201210-4R7K";"";"";"";"";"";"";"";"Mouser";
"1";"562k";"R-US_M2012";"M2012";"R4";"RESISTOR, American symbol";"";"0.1";"";"";"Bourms";"";"CR0805-FX-5623ELF";"";"";"";"";"";"";"";"Mouser";
"1";"5V";"JST_2PIN-THM-RA";"JST-PH-2-THM-RA";"2_PIN_HEADER";"JST 2-Pin Connectors of various flavors";"";"0.11";"";"";"Harwin Inc.";"";"M20-9990246";"";"";"";"";"";"";"";"Digikey";
"1";"976k";"R-US_M2012";"M2012";"R3";"RESISTOR, American symbol";"";"0.1";"";"";"Bourns";"";"CR0805-FX-9763elf";"";"";"";"";"";"";"";"Mouser";
"1";"COAX";"COAX";"MMCX-J-P-X-ST-EM1-MKT";"SIGNAL_INPUT";"MMCX STRAIGHT, EDGE MOUNT JACK- 50 OHM";"";"7.9";"";"Samtec Inc.";"Cal Test Electronics";"";"BKCT2942-100-ND";"unknown";"unknown";"";"";"";"";"";"Digikey";
"1";"DISPLAY-OLED-128X32";"DISPLAY-OLED-128X32";"DISPLAY-OLED-128X32";"U$1";"128x32 Dot Matrix OLED Module with I2C interface based on SSD1306 chip";"";"5.50";"";"";"Generic";"";"SSD1306";"";"";"";"";"";"";"";"Amazon";
"1";"DSPIC33EV256GM102_SOIC";"DSPIC33EV256GM102_SOIC";"SOIC127P1020X265-28";"U1";"Microchip dsPIC33EV256GM102";"";"3.67";"";"";"Microchip Technology";"";"DSPIC33EV256GM102";"";"";"";"";"";"";"";"Digikey";
"1";"ICSP";"PINHD-1X6";"1X06";"JP1";"PIN HEADER";"";"0";"";"";"";"";"";"";"";"";"";"";"";"";"";
"1";"MCP1640";"MCP1640";"SOP95P270X145-6";"MCP1";"MCP1640";"";"0.59";"";"";"Microchip Technology";"";"MCP1640DT-I/CHY";"";"";"";"";"";"";"";"Digikey";
"1";"RS032G05A3SM-SPST-MOMENTARY-SWSMD-1101NE";"RS032G05A3SM-SPST-MOMENTARY-SWSMD-1101NE";"TACTILE-SWITCH-1101NE";"S1";"6x3.5mm 2-pin Momentary Switch (Push-button)";"";"0.45";"";"";"C&K";"";"OS102011MS2QN1";"";"";"";"";"SWCH-00815";"";"";"DIGIKEY";
"1";"SN74LVC2G17DBV";"SN74LVC2G17DBV";"SOT23-6";"U2";"DUAL SCHMITT-TRIGGER BUFFER";"Unavailable";"0.42";" Dual Schmitt-Trigger Buffer ";"Texas Instruments";"ON semiconductor";"SN74LVC2G17";"NC7WZ14P6X";"";"";"XFDFN-6 Texas Instruments";"None";"";"";"";"Digikey";
"4";"TPB1,27";"TPB1,27";"B1,27";"TP1, TP2, TP3, TP4";"Test pad";"";"0";"";"";"";"";"";"";"";"";"";"";"";"";"";
